speed_variance,path_curvature,idle_duration,is_bot
0.5855695508133807,0.2885122800051417,1.0920026229149922,0
0.6352674001390708,0.2729440087528957,11.113118782356265,0
0.45828341431428443,0.21025421359649388,14.412017233533245,0
0.5898363780950875,0.5190441368712237,10.120992972767286,0
0.4625960939258303,0.7928182803839476,5.609366001397062,0
0.026486204210116285,0.012271863388532561,0.0932399367193968,1
0.7054862458556664,0.21258625227292827,7.339722235472108,0
0.03251623373304947,0.01993565948022622,0.06015842667306962,1
0.022969522037965567,0.0151783226694808,0.023770339112694407,1
0.4104247799952192,0.7345967186008471,2.3270430204081416,0
0.028556858270421582,0.007817060740191376,0.0714435633848182,1
0.8106328817754711,0.35901929190820014,13.899745869434575,0
0.03280433488004292,0.005154945168474752,0.09419850876639367,1
0.4096405519364463,0.4172643098799267,7.131458577073253,0
0.49898483209823724,0.32363992216946424,14.283621091924216,0
0.8689260525638351,0.5005816934011847,14.53735439113736,0
0.4631437403337886,0.5694195586022822,14.126030776867932,0
0.543200779991445,0.78853899718263,4.834274710778305,0
0.43425399610883497,0.7376946348481628,2.433812570001053,0
0.5771166436391117,0.4312147513207367,14.811984135079724,0
0.815610568691302,0.4166534491837635,7.770249036349882,0
0.4861581638917727,0.5174282477594372,3.438775681273907,0
0.8180516204902641,0.30831031337097614,11.976634986805596,0
0.7633771830156505,0.3631705070738025,10.044264910750753,0
0.887551102335395,0.5868498852862338,1.2000047354003975,0
0.740460069125288,0.25988652560879744,2.0151476448351717,0
0.04577783981682429,0.002958805522940111,0.00747730498248681,1
0.0164920144024297,0.0007920450699333847,0.035009191243619675,1
0.6391696894574381,0.3163017922351846,10.744328756698616,0
0.8505057428830236,0.6876206325488011,4.825373763441786,0
0.02533180242650565,0.007726421738563656,0.02363696757411561,1
0.8249124797522975,0.7833175847084615,14.770622094733977,0
0.5714050088529872,0.250936693422187,11.846834430438056,0
0.04028494942010304,0.015854975130310624,0.08426368676977061,1
0.5258232939339276,0.272836587449344,12.616754277414298,0
0.6446170194989078,0.41261546918309616,10.02230018206926,0
0.5908958967711782,0.6284865754542415,12.72466206334693,0
0.0063240828520111265,0.016511502648411863,0.05866455378091848,1
0.7519410642239247,0.4059688585079456,13.521987003144876,0
0.5699436356174044,0.3866936449147421,8.322518543241738,0
0.744479727674354,0.782594143285605,14.586107104552251,0
0.8982985388619191,0.6217820187086063,10.093129162170388,0
0.04864543065995858,0.0066688710012292795,0.04426592041900458,1
0.7093966790745436,0.5710016464962748,11.716981422376694,0
0.5069241080364256,0.2975017383858912,12.810863325080337,0
0.7816527241419672,0.5943215299247365,9.049084205429804,0
0.00019085042787740926,0.013115217453525833,0.0527824138043109,1
0.5983829754978294,0.7086895779096354,3.2808003710624174,0
0.5624746849086941,0.35782651650688113,2.2256483515572922,0
0.4031861676508773,0.5387066815303945,6.467107567001401,0
0.4994397465696438,0.4214032887120718,2.0313203183336146,0
0.4646144220590036,0.2745041189174031,1.057853881354683,0
0.450285068899204,0.6430397549218276,1.2268418329799857,0
0.6339646593139385,0.6526714106928986,11.916263600676398,0
0.4519030732609273,0.5622267896088149,4.016926846774329,0
0.5493281708970779,0.3671915805347119,1.997711067781946,0
0.4206297703177073,0.2838069374665656,4.655913290982867,0
0.01860128981990012,0.010350271185073937,0.09276605917415653,1
0.6004484697126365,0.29501121966057775,6.302370298157251,0
0.4394146785159861,0.3094322053555796,14.21293319441469,0
0.6840788797244578,0.6547231055070521,1.4809681957580159,0
0.8493005824103959,0.4464119690355753,7.159059069298795,0
0.6547467164761054,0.7607265360096032,8.323336150416772,0
0.036568705755035597,0.012954157234958874,0.06378871949382653,1
0.7448001347530273,0.7216500626433358,7.008882635719062,0
0.011783706397533972,0.014415711388549078,0.029511093815147407,1
0.4680259295697549,0.30677281788527516,12.81576203134303,0
0.045248062040551706,0.01376567177067248,0.03381131785867271,1
0.4379872012366177,0.2811602283554247,9.10061330422744,0
0.046967547792997985,0.017376070771833153,0.07079612264603445,1
0.7577565966191555,0.6915437620564855,5.0158223514213836,0
0.03272279102006314,0.014480730071894822,0.09331492085018744,1
0.0011473599996815853,0.01663531645273304,0.026492641583307355,1
0.6610659465311468,0.5944793552629308,9.576514648572374,0
0.8555581500673214,0.40152193971416406,11.895777021868332,0
0.044331436264675714,0.015416583972049187,0.05486726112822729,1
0.7650060839854739,0.6132422268265878,14.601490749552863,0
0.5203815461249901,0.6957268269753982,1.0621511440521518,0
0.0063031771879858926,0.0072351271863115895,0.07293080290947483,1
0.016531426724189325,0.016196601021134866,0.06525194728480015,1
0.5195735331738982,0.49313287124782346,13.335019798943097,0
0.8414142957885145,0.27963205326254337,6.1756809020700025,0
0.5860379966024396,0.6686454954234493,1.183486297532138,0
0.8189066564568942,0.5378760310576776,6.233943146056626,0
0.7792598152966491,0.5421295992332723,14.194364775865996,0
0.7347781977591371,0.654751805805879,9.278546230110313,0
0.5708611215801003,0.5076541332313784,12.463936407479116,0
0.8176605556651586,0.6964642948287247,3.9045706551633366,0
0.416144644425923,0.33556633785613493,10.409301267620608,0
0.04407785540970469,0.005932535551135379,0.0300203105687341,1
0.7167627639873921,0.5029498899176834,14.390385543264209,0
0.7509922828401032,0.5764846091440505,6.617631618654515,0
0.7443451588491485,0.5172797900635211,7.645114189350557,0
0.02089948948206838,0.007895655982819398,0.0562087532887594,1
0.7298253501338017,0.39500342077425443,12.18016251507911,0
0.4832515521441841,0.6458503235037798,13.25665030479333,0
0.8714529532150077,0.7914447383840066,9.747163213001457,0
0.02989216091453395,0.0010570230613757214,0.04925933281112369,1
0.7048697942703417,0.22655493841841715,2.2791970926399774,0
0.46169000566850404,0.7397366296573433,5.642476588929416,0
0.4356121215990341,0.43943246792050683,12.816718176506637,0
0.7026250950278878,0.35212652731610095,11.016643867820225,0
0.6796083037363672,0.5280868247630685,7.823917683887812,0
0.005256165661390988,0.01822198187801485,0.02164499394171814,1
0.4119907708024381,0.781833043091346,8.180098725546241,0
0.7740424462888171,0.3082171920140974,7.529911867732424,0
0.5150122125490708,0.6708421993299236,13.620408294469247,0
0.6510187725843748,0.2978630151346846,7.717220338712593,0
0.5076156051978036,0.6081810932940839,12.79945497714606,0
0.5757809945483301,0.5499005276475367,13.340976488801795,0
0.039455124828225635,0.007479015112521319,0.07172377379398913,1
0.7586468726279689,0.443751136131286,10.247129227429275,0
0.6255052777130355,0.40740781837501777,11.145416821580127,0
0.028353610793720133,0.00724631721962715,0.06497094246849422,1
0.02321056958255793,0.001464603704243268,0.09317942357856833,1
0.7557960847144215,0.5305141133809699,3.535475665163581,0
0.4139579234387842,0.22290127186299227,10.14233245205166,0
0.6662277856330323,0.7121867474133576,2.4229506497983495,0
0.47574815611259025,0.2400778879001326,14.23662241211008,0
0.735813062608543,0.6429931807333118,13.37371486873009,0
0.8571786269982531,0.4846235933485557,12.790779548094742,0
0.7860795545542161,0.49450289685102616,13.551686456896956,0
0.532455595047051,0.4330484123360512,4.985882988345959,0
0.5168610273121491,0.4086048480877322,1.8503951090276813,0
0.7948762100550986,0.31896494033961337,7.674246651729421,0
0.04974116510026119,0.015307676719285398,0.011916707297945939,1
0.031503206190774145,0.012328760851006015,0.003032217224956868,1
0.8856878467652034,0.43961113260731344,7.387158950611802,0
0.8200258486842558,0.5210176727290162,4.866555216627847,0
0.717961569716016,0.45150313220166594,9.212222086892632,0
0.5692786209589453,0.24771872494559463,2.70099889240724,0
0.43636065565444065,0.39967672450741587,3.7470705997165785,0
0.7555376538488676,0.35273054956263095,10.505634761253582,0
0.40748965749160637,0.2816426428501029,6.795071771917242,0
0.018161222074185922,0.008352486685946839,0.03688531101876025,1
0.5165535052884742,0.7321802278802403,12.915335297899544,0
0.4080575139270129,0.2642649792988372,10.993840477003873,0
0.6136431637870292,0.5725792382635432,14.090986202544805,0
0.6853719813487872,0.4136657328482034,7.187474911388379,0
0.04479450901762677,0.00015174943790810413,0.06728080006037145,1
0.041861013461375406,0.01739181918935934,0.0031241900194128648,1
0.5646671721356366,0.7456990548027256,10.706144369503441,0
0.8616470971830787,0.5265525834587208,12.062240593290253,0
0.48479066044674174,0.6850960034512089,9.280800614657226,0
0.5310682217611149,0.29714751320998956,10.41218369156082,0
0.7287850387445155,0.3939742498841119,1.0907902633989452,0
0.044143180853802436,0.002471112560858639,0.05439558130542347,1
0.04969333026501301,0.009681750648520981,0.06896936070098494,1
0.6110765112737981,0.4592171239068177,1.2610707987593905,0
0.5070393143746232,0.7428344522991224,14.69536101454522,0
0.8374659864198595,0.6939394622397244,5.194782739419568,0
0.02561401619176064,0.01890527361520804,0.02367926004940603,1
0.6948341221069801,0.5615300273565007,4.20110045818382,0
0.02833165902891066,0.007163537285705115,0.03465457434084395,1
0.6134812264693535,0.34235884262089367,9.62174890657473,0
0.8455286923100804,0.5248314191154353,3.502039273430469,0
0.848971439684814,0.5729108653795854,9.045413765885513,0
0.6470204377714884,0.5862848690304442,7.2634304349108625,0
0.49404571995375746,0.29877705616829286,14.61195049162912,0
0.00014947965647445495,0.0019410999430585997,0.02343950488035125,1
0.645886153155566,0.4188366659084902,14.814734650463766,0
0.6566542629833751,0.43513364505526364,6.192690197043161,0
0.03970790202557063,0.003759455105210008,0.03536603884772428,1
0.711257089419562,0.2687813240440616,4.858776453646471,0
0.4530014085335997,0.23705180453742764,14.02021834979472,0
0.005707686872959034,0.012370136629324263,0.028939752344146842,1
0.7409354231574441,0.4363561402100068,4.986834424127193,0
0.7785273875309723,0.7524822656668673,7.501804193194452,0
0.4506515103352348,0.3866521331136632,4.65726913957108,0
0.014111278563179942,0.012630003357573813,0.09006518421129933,1
0.7634865088348732,0.4722233864991716,13.65405963440543,0
0.6201615652338628,0.26436530312850504,9.30047645300415,0
0.4223033353347992,0.47150743894758457,4.450028725207888,0
0.624865956243718,0.7888616825650772,14.369762575998214,0
0.625659927694479,0.363466571466808,12.055528010114092,0
0.5534662599632136,0.6749059206013417,6.797719816829408,0
0.41570769467702934,0.5334722736661612,11.77705133911215,0
0.5503126641483442,0.2920896959319967,11.126857737511672,0
0.5596933911278705,0.4204843543383715,5.131981336043086,0
0.8490193008036409,0.46494673148740734,11.760928532264373,0
0.7373171327813453,0.7443950280445495,14.416294736778886,0
0.029644081982182643,0.009070161454882675,0.07173943877656212,1
0.04441392024255559,0.016639720985178016,0.08942680332299072,1
0.6095778266861311,0.3021110926533485,11.538049628756388,0
0.5340823143435931,0.5011191596519885,9.853493394202456,0
0.020576919364506032,0.0066009426818497,0.08453646642364865,1
0.41721519208569713,0.6418856237097663,13.35184323345789,0
0.8984582153648247,0.5232510504060102,5.096653146285565,0
0.01706120560703096,0.011522667999911666,0.011316853106735116,1
0.7767904620628789,0.35244907635308,5.066082245526176,0
0.043261939437853815,0.013939003834598993,0.027986658110083742,1
0.6250434266156143,0.29267204988844214,11.270552974060333,0
0.5368227392343643,0.5184548550602063,6.816895438238007,0
0.8947120673082878,0.5665753491069548,14.38503604320927,0
0.47574022809842625,0.6612137760750076,12.211266884485715,0
0.7256374575094675,0.5068746693691752,5.010578081107544,0
0.6910890345240273,0.38374357133810844,1.7385155580902716,0
0.7546688475147162,0.24577620212229612,10.601057198257022,0
0.7559649031326112,0.519883844232113,7.694834621908326,0
0.6479472629068944,0.4651265064982127,11.537500161854487,0
0.458374225011814,0.5294580769218522,8.334485021790252,0
0.6099689660254931,0.30716561656361036,9.49267549170777,0
0.7539542856567851,0.6444009227184354,10.632800273635233,0
0.44149333482408815,0.4618040105716987,4.198155179072214,0
0.5417109251218453,0.7633975793395267,14.379306278553848,0
0.01880577028549791,0.008951823072768214,0.0008038427049283592,1
0.6088243986317058,0.34682988452994057,11.968871087489973,0
0.5960222632664929,0.39027005980073376,1.417978352952961,0
0.5594701039622814,0.4693394672907572,8.859438782391932,0
0.043537970866120365,0.012221018411176995,0.004421119131146689,1
0.043754729478505144,0.014466458157078825,0.05327138517043242,1
0.01136688594293569,0.008399893656925513,0.05786622190653351,1
0.8403816063030644,0.4358244196722858,12.629780908188613,0
0.03681442720893475,0.011545024450980575,0.03027195387004369,1
0.796436085350972,0.20144916778403105,13.964963674611962,0
0.8896781697558207,0.6137155295312401,5.692141875287595,0
0.03382900597050723,0.015725780501849057,0.009064799171033144,1
0.03582847669850834,0.015270442054702444,0.07895771033179382,1
0.46406438259660493,0.6934845600996047,1.758878363362036,0
0.5871919781143609,0.6792226171602318,13.966953841779063,0
0.8836864442286438,0.6756215178496994,6.224274809541215,0
0.5272777128251585,0.6556680916174356,14.025620022326784,0
0.4968571507343312,0.2218671831349334,3.7482327871867724,0
0.8051747548502717,0.508976406985493,9.18858084027679,0
0.4827738456640492,0.753121570595952,12.8579700795224,0
0.00847500366362512,0.006434125363056868,0.08918848420767314,1
0.6295606467014755,0.5822251547455604,10.954388105456172,0
0.726087800441338,0.30078497131077986,1.3804117441710357,0
0.005368237444761781,0.0006703501327147432,0.07253921605179496,1
0.7092141124027167,0.4243900325637735,3.8416049088819584,0
0.023106318656350516,0.01610403154731046,0.09384269667380615,1
0.48749512346093565,0.7526801995414383,10.180875888452256,0
0.03371387130478348,0.009725211335724982,0.09820771821992635,1
0.5261941838138746,0.4005503984581338,7.6642559536845045,0
0.018948270571933393,0.0022317578486338286,0.09802248686546944,1
0.5798669947396038,0.6878766902580193,5.4887977797460294,0
0.7249033494826349,0.6941310215461661,3.948689251357285,0
0.028834604860770316,0.018393184764947584,0.018055286585859642,1
0.4939897404992946,0.38015030079049683,14.74243552958519,0
0.7057085929866695,0.6134270259211165,13.94358082144389,0
0.029445535224946924,0.001553608464866625,0.06875913265874072,1
0.5800298593499784,0.44271325261139877,6.6543415654187275,0
0.5760443845230895,0.615896948061059,8.88760152892128,0
0.4703034596213765,0.37900098067806776,10.761951509511686,0
0.5265644128512543,0.5584880112376314,11.19840366563724,0
0.031701884085121784,0.00211878098714988,0.09751629264834338,1
0.5240031148083748,0.47468923097501786,6.941348464569705,0
0.47019368683386714,0.7401914043778104,6.8806802172340635,0
0.4243709880968917,0.6272837650867286,14.049575407675762,0
0.4875809603541941,0.5017590896334678,11.593807572604735,0
0.4023347728381933,0.6739285055665434,3.1417190337394425,0
0.04825816997026472,0.008687130918159104,0.008360780157124648,1
0.00908518155672673,0.012215811442491727,0.04855448141285144,1
0.010783629709910664,0.0016348245940034478,0.09755863318965242,1
0.6607723037328113,0.468856981717899,14.878418372046571,0
0.029119401681512176,0.011570145448350723,0.06101778334434929,1
0.40230195165924376,0.30746747123727436,3.1266298510526465,0
0.783409645048698,0.7935529924841693,9.895202933869644,0
0.45998378823034025,0.36265402313733025,7.421482837100262,0
0.616598063660885,0.36805306654122383,5.113428106515118,0
0.5428299548302535,0.4624438677689182,7.702264050597407,0
0.03611972450699766,0.008498858451200204,0.07722212817451599,1
0.6875640211858955,0.3360744995797107,14.577291873643674,0
0.6743340139250366,0.23105606190299116,9.952751492402466,0
0.028335896924688072,0.010691029758911768,0.010363147238867288,1
0.44649047380736673,0.3171118284758675,2.474229274583532,0
0.4174112728621568,0.2659730381537177,12.900249735846819,0
0.011641360239242206,0.014914843582947947,0.050058376054578316,1
0.011412105116345224,0.012386147432337284,0.09117242719578394,1
0.013298788955225384,0.009913719442776659,0.03869214002034708,1
0.47035157217190515,0.6994498128186815,3.602673396508907,0
0.8305027737139432,0.586130071286966,6.560556232393861,0
0.4251044603817035,0.4496938906921888,9.742321874732868,0
0.4818679399542123,0.681758228764697,13.778350063494333,0
0.029987421919144143,0.012143966435281192,0.01626459534757435,1
0.8757829149810669,0.3679461635116487,1.0303601088665093,0
0.022777407922687246,0.0100231910378599,0.06238506875791745,1
0.8515318898273838,0.7624166418633531,6.7054455915770435,0
0.45766783150746576,0.5981660385374874,12.159576628381235,0
0.5972857816185543,0.6172984285694536,4.3485952738931495,0
0.8022291406014769,0.7338642763515799,5.205701447890524,0
0.4954615371759091,0.6361337515959138,6.1655080557241755,0
0.8629519331205384,0.6353909014822594,14.873874034664773,0
0.7821680259271055,0.6353851978344743,13.267050657232556,0
0.4843455011474017,0.7623266602525398,8.346415390635148,0
0.014921140540946072,0.003589714762867666,0.006605469151880117,1
0.037490167667663735,0.007451195587150905,0.06662285989833173,1
0.4399456103862338,0.5309765338589596,3.6179727592950135,0
0.02368548410811568,0.002131667269690345,0.0028798444340777385,1
0.43512880487406325,0.4376173404853223,8.689543333288157,0
0.6984930200891004,0.437012395245274,14.874463569553003,0
0.02331111579468166,8.886936373318167e-05,0.021831716710337457,1
0.5995302722644593,0.7899428808601698,14.756991021604797,0
0.4831203592490978,0.35571772418243447,11.978192650648001,0
0.020337514861333113,0.011087441383030867,0.004166627906483933,1
0.0135846726214864,0.016021132954192278,0.011099291235398712,1
0.4386393658463819,0.23353479417420442,9.21541198542314,0
0.03022809915261302,0.0014342997797799884,0.004481251082357185,1
0.6992089069524499,0.6422571051320203,1.8245029917631002,0
0.003488291645919395,0.01875620103950632,0.06675266153059266,1
0.7249493866331562,0.6800122832464113,5.149375277407594,0
0.8819389239946093,0.4338601429990317,10.539213202881717,0
0.8982731355727317,0.3141939659033494,8.632712331908012,0
0.5559477087978957,0.3175532937847396,5.720664021061583,0
0.023170412443232393,0.00443421606171539,0.06862567279073262,1
0.0489594613989467,0.011057620836426507,0.0012485540801721374,1
0.42314067942037437,0.4308342369631055,6.082841948329521,0
0.44192309611719005,0.7839902665017224,8.42796244269369,0
0.6451124059061608,0.7997894743776552,6.930516066943419,0
0.475266975400361,0.600537229931333,11.211296966484868,0
0.038489750969731375,0.004955612298121847,0.080356260594518,1
0.6422854139029819,0.6222048714574855,5.140663579557188,0
0.4732048168595574,0.6189719472055244,13.993517228366612,0
0.7253366937309722,0.3814073688964229,4.518406836699796,0
0.8631967293543465,0.7148576573801722,3.1833170455023314,0
0.6615520740371967,0.23609851250645497,3.9668184989308592,0
0.7374574205484432,0.44437913487609526,10.84747709727889,0
0.676728326432851,0.731356842726721,7.7145034819017555,0
0.6847328824982567,0.7853522069702079,4.980537524718349,0
0.415623592881209,0.7310191809794033,4.436368747318682,0
0.50878327524903,0.7123881723848018,7.704635328240786,0
0.6162182153060851,0.27184765537241296,12.551090459319857,0
0.6709526306430169,0.5478549622357518,3.684257413866562,0
0.880271287002077,0.3941239753788369,14.516622199791398,0
0.6380912692869312,0.3910742299883073,4.54595244986094,0
0.4022254421012409,0.7138430303112169,9.594213083401211,0
0.5474537538488456,0.7794711201479188,12.286080812934848,0
0.8774662839016294,0.7763393672459873,5.770447139406,0
0.826996399259383,0.3729690402003114,1.780621505454478,0
0.6416604259933875,0.7141687129157408,8.356041900335939,0
0.0362370886374668,0.01009512346502647,0.059666410838332774,1
0.8665358003211134,0.7490072293363883,11.596228331949819,0
0.7265135388670221,0.5109805721498756,10.285607604311956,0
0.018437162394358813,0.014828719613748693,0.01953707923576672,1
0.7063145249441258,0.5963041542180297,5.888690291379863,0
0.04008257836954764,0.0031355672614778343,0.07948599311244135,1
0.04294536919836881,0.0035766522563648873,0.08794809709287596,1
0.043414249502990554,6.337654385573544e-05,0.02518064702315105,1
0.020050505216100956,0.0019478675590651662,0.0970984893664209,1
0.007666931040076908,0.0030572257495557675,0.08219737019000732,1
0.4350805985558833,0.7561945746145702,6.172116327702916,0
0.6284492420010694,0.29881979678787685,5.017951066347111,0
0.6281759559317153,0.4430342603564609,12.63535473280652,0
0.6836151226664382,0.637479883274257,9.520408120170009,0
0.803987520832552,0.5740897109541504,7.283434090483083,0
0.48307001478583467,0.22850176687163493,5.595539862389554,0
0.03427965214046902,0.016229187916631815,0.01337963152391104,1
0.006517254636006215,0.012444812471071915,0.0875477307598076,1
0.01821083398402475,0.004728552467591764,0.052283495165194954,1
0.8637802663038,0.5381268719918979,12.112616377797476,0
0.4378030194678744,0.4710325850486079,3.9477049036742433,0
0.5479768607052429,0.27298710639185675,5.9399030563214845,0
0.8206769566941907,0.6294875354469789,9.224691879153966,0
0.6042088225387379,0.5676293272468984,6.064221576810335,0
0.7198049106294453,0.23946641662825927,7.004681957852685,0
0.5610813705221418,0.5260700697986673,4.782086207537781,0
0.7626438775494166,0.7819129549680233,11.188892646516315,0
0.001423897917936079,0.0027781058388403855,0.03759135713922912,1
0.8660694977579128,0.6970035433112534,11.97436003385518,0
0.005825962733583951,0.018137212603656236,0.09362444677486023,1
0.037096253900219034,0.009308625642896142,0.004663104850740785,1
0.8579957949545236,0.24557816522100853,12.225223532604623,0
0.040592490521557535,0.001561477608254791,0.043717160120705256,1
0.013785892403742062,0.002748783984440668,0.06204957224183863,1
0.471805905744594,0.4699912171501967,9.35173529274233,0
0.5760814205090059,0.48882166353650275,14.72817708764201,0
0.8517153258806149,0.45368667656197137,2.6771686586529135,0
0.5562631739321774,0.5960275144555305,13.632697401974387,0
0.7275704493270337,0.47222021390890556,12.272422391177017,0
0.03574739807685155,0.013434219772909723,0.07035704976027687,1
0.0006565973918625901,0.018612956020146173,0.02358487630567817,1
0.516889409123358,0.38650473721369333,4.33623580705035,0
0.7049606908757787,0.23654521545463664,8.733176719020204,0
0.8580748471065502,0.2080923859364318,9.682357951602672,0
0.5785649182435348,0.4967796902657324,7.088514241166005,0
0.7051941253754075,0.2838095539462805,13.532342988445018,0
0.48966787706772635,0.7459900508189419,2.194932175976871,0
0.02392389925645437,0.010820785580656187,0.03911088307739228,1
0.03657742646025872,0.0005397965184817011,0.002054548482444474,1
0.6721069115797771,0.3970238916501212,2.125500978270945,0
0.0278721169025329,0.013709575616080036,0.09052627584408364,1
0.7774873669664921,0.7236936788893311,2.1961591219223626,0
0.019766197648503726,0.01462655450158537,0.035331882228604075,1
0.0335387498637884,0.013153059810125795,0.09140494889925946,1
0.6177289980161955,0.5902422130081061,5.737321908012769,0
0.6773853939262688,0.40107498405685443,4.797797986792864,0
0.551416360982995,0.3261365298223329,11.888756412064524,0
0.028909244037749467,0.019494350871124423,0.08110625099461345,1
0.5423351307863854,0.3918333689990152,3.467179434792718,0
0.4905320331467105,0.2507879287636772,11.731512140795651,0
0.0015127393796758593,0.004990346514421971,0.09890396724894449,1
0.42488555520175647,0.3212099150862404,8.415102511686198,0
0.6634150037691405,0.30259426268610407,8.780477596925909,0
0.7154557398844035,0.5117006501988856,5.8910576040556935,0
0.04962753602108918,0.0045294744891226845,0.05724312172570137,1
0.030997214398222728,0.0017559537747472897,0.037939399561807044,1
0.8759095208590935,0.5508754663484754,11.616460299604038,0
0.4804756477774412,0.727888476442059,3.1990033465319367,0
0.869760144714851,0.5368066786195185,9.45514122244957,0
0.47068039550569574,0.39237041695481223,1.6128747271044452,0
0.7286601731379394,0.4823195091459095,1.0940518344476315,0
0.8333048672104787,0.3688317917896704,13.912216843790027,0
0.7749317147652658,0.4956351504230306,9.264932844861855,0
0.8261417794812229,0.642772558248697,6.4456977994987055,0
0.685442900284382,0.614340122879596,7.83229787905087,0
0.6376141287578743,0.289547331540041,5.815525199019657,0
0.4722709324699733,0.5011106066768047,3.405830491044492,0
0.8258055579912065,0.779291441428537,2.189654200075595,0
0.7873592724704237,0.4543780666440146,12.37776759899238,0
0.618931180851084,0.5659694828294504,2.853901103809551,0
0.7834793343813169,0.3441905771274671,5.54161154102122,0
0.03494999513183596,0.017335471257866313,0.07437266208894186,1
0.8028667358463297,0.27103799008347246,9.299235812347082,0
0.6672256608021656,0.6774206500547458,6.704625872480684,0
0.7521474370845523,0.2691131291575165,8.900046362842572,0
0.0011480991484343396,0.0036914397702352366,0.037249447538179485,1
0.8483239274238927,0.6582594825015098,7.098967924761563,0
0.6899340624840458,0.7024427789696814,11.319617764047779,0
0.4236338047474503,0.7140298212060647,12.982946157774407,0
0.7486159994998145,0.41235358893263613,14.058244882437496,0
0.661795832305847,0.4675516356608098,9.296675210824304,0
0.6815698222397101,0.3031025859224112,3.678851584545443,0
0.5040405714323435,0.3592890728696695,6.322256298646064,0
0.4931274355091389,0.26769429328621186,8.622380358982443,0
0.7980782203471264,0.2407472417868482,8.335234866924758,0
0.5383603832396939,0.29164655364796543,2.358022110566617,0
0.47353316965474723,0.40099538425930426,7.447075090165635,0
0.043685390776913455,0.0061595638528953315,0.05285903508376947,1
0.030480519161838134,0.0007826134090960824,0.07107206942984387,1
0.8197041835543006,0.641651403636101,5.838943096429281,0
0.014432521763729484,0.002552840538579915,0.016341374525241415,1
0.8632444496620033,0.2295568580300684,2.471780760942763,0
0.6393934392261045,0.2103335200801864,13.141638727626194,0
0.003943631566186651,0.0005393047853335542,0.01609221058909276,1
0.6314890450953529,0.509635471879696,9.389073421221479,0
0.7756954546111774,0.3843570774801237,4.362056285654382,0
0.4449983805350535,0.2105074193421309,12.041036198970477,0
0.6933737209635842,0.5558729542774433,5.63692226354944,0
0.8053936398453456,0.6650438167331847,7.043864511490656,0
0.7330946414599807,0.5340260578863256,14.672688851232698,0
0.04956815836220285,0.01807047132654812,0.0390531230813758,1
0.0122923542790586,0.009403514805171846,0.06232020722252357,1
0.015301536941203453,0.016043634855116812,0.07200144997367618,1
0.8728968434639894,0.41905960978086076,1.8367148243611087,0
0.006533021239017278,0.015047336891215611,0.01735372960050239,1
0.6845033439099846,0.5039295967410151,2.2460892387386764,0
0.42270840452533487,0.6891033944471514,12.82036769032838,0
0.047256817235094783,0.015045796177952986,0.0754903400867261,1
0.038404180069252586,0.019318739712144508,0.03960796440323236,1
0.8444970180519418,0.40837823378856597,7.460916244472225,0
0.0349999104356242,0.011059481744926587,0.05247502362150267,1
0.40448783492471874,0.2454735584432764,9.822035566772703,0
0.03800273649087424,0.011326273371566475,0.07967383047804029,1
0.7847259694759032,0.4170662699125854,6.784692414827804,0
0.5334139647648456,0.5893905124284291,12.851545932215581,0
0.010148801566291155,0.0024753160635435645,0.05267361912116994,1
0.7578055975775349,0.5903390102961541,7.10744697812198,0
0.4118974956066524,0.465514612975965,4.432003150151984,0
0.8962444358397204,0.3009888540501068,1.4578351677192674,0
0.43100483702661657,0.6742736729247354,9.470083690779493,0
0.8149114369754875,0.4376914579586358,3.2485120132917906,0
0.4347573661066077,0.41165354684346284,12.522458983217776,0
0.6229872578170683,0.3852548279587985,9.300432923928543,0
0.4197079712028095,0.7453636035243756,2.1760990637438,0
0.790362697633086,0.7833159683999613,12.366685142497326,0
0.7780383751619679,0.6078610862347815,11.412137716908509,0
0.45874165978095216,0.3503340814535454,14.50817622336353,0
0.5382080601436643,0.6437206014060626,3.8707766066399234,0
0.7804588019064781,0.576575876815558,13.42973129930371,0
0.03076418171213234,0.008515476053292515,0.06603093099638228,1
0.6564661838563044,0.37764173741358165,13.93240918287076,0
0.6539213345951376,0.535986545250247,12.89454716192999,0
0.4339830146037115,0.4242637533000157,4.607337781245123,0
0.024078654845510923,0.0019484714178698993,0.07175118389818562,1
0.6909137312325252,0.33730834399102794,1.2378007301611493,0
0.4668783324697301,0.45526537318390486,1.2854014765183903,0
0.6709088669358299,0.43795240095325855,2.004509909611949,0
0.8820087223524237,0.6779182169487912,10.055703350464295,0
0.6188684311483357,0.728288695849721,9.379743978263434,0
0.7588679190686421,0.674602594893362,3.172895914720271,0
0.008545693002516702,0.014603476107636654,0.08664717937657261,1
0.8337869068724507,0.3003856902937593,10.641385404686229,0
0.5129157911268408,0.4530304894624556,1.844841788115343,0
0.5947551596389112,0.6857223212881084,4.812595435392843,0
0.4132638969987872,0.5134618694555879,12.666046582706706,0
0.4041203315274825,0.3543355481242103,8.995339377931836,0
0.41103596988041685,0.3986945293311932,14.857779484102428,0
0.4767987873634158,0.3916560958515356,14.188694737507056,0
0.6349997811882854,0.35477004200561163,1.4296376899064518,0
0.5671759836101461,0.7807671221461305,11.303547968704084,0
0.48577601453044056,0.42978672021039743,12.200240151785593,0
0.4628508770638087,0.3778913595553488,2.5463057942814964,0
0.6957318454872257,0.61057544694229,12.262434215297285,0
0.4172023863922381,0.3017227572745583,8.86716983779995,0
0.7236500243568571,0.380787708849724,12.550261402803477,0
0.0023223046364326317,0.01841969696083064,0.04834652185310781,1
0.43179883742786745,0.44133490372630135,10.276255557337132,0
0.6664270982591872,0.4752616005426911,14.566537973092258,0
0.7866149846828348,0.701160093312357,6.0884029986472825,0
0.653156765286995,0.6527037247269862,12.0953396867646,0
0.03775460166279783,0.006910748809872818,0.06746875740285717,1
0.026257725454680438,0.017170721727012145,0.07968499364787424,1
0.6182265550795363,0.21658581138182967,11.63871781734533,0
0.4267570740915889,0.648425636222399,5.4704263029727125,0
0.5597164854308558,0.7468918982336878,8.833648950979843,0
0.48752691145956845,0.7379865639267165,10.137619339202665,0
0.6064610386194013,0.6114172877785438,12.80609198382495,0
0.850358611880774,0.31770825671860636,3.6156740044050437,0
0.048760681227896584,0.019197559052572727,0.05314165831243309,1
0.5950546725733934,0.6402804831050279,3.4748707275390442,0
0.5336521128834153,0.46610830983053186,1.7257039267060723,0
0.8865312819301543,0.4297689326971182,11.963209261840687,0
0.7970978282051762,0.6068102438154159,6.850381529088058,0
0.48018712429709137,0.3021291385225819,1.4935209653909702,0
0.502335691473636,0.25562521803848604,5.2209360247795695,0
0.0077533158464010606,0.0014905808938681564,0.07808890342677276,1
0.02826512776522678,0.019633531740778695,0.023036215705983288,1
0.4607335014724642,0.6917392277603088,13.702024922139707,0
0.013760605228597629,0.016749508174512373,0.09842420602160919,1
0.5227919440787157,0.39728484460121816,10.56242928864653,0
0.5950327754970595,0.3765719311356647,4.341061410029809,0
0.6360007193676912,0.35108827260991826,8.281563314037637,0
0.8269188029245649,0.26947253253291714,5.798494792141792,0
0.8421168226473607,0.2211534515656533,1.9488221985825989,0
0.0331328714728375,0.015909282093003324,0.07028928359215784,1
0.8868810040669177,0.2895489522691516,4.382611064251435,0
0.7309080442508764,0.6045597063405996,2.0768344360072026,0
0.6943503493199918,0.2810641669859573,6.779690505757998,0
0.4866163276086602,0.7484424143452466,12.195183012571155,0
0.6706191302152422,0.2014301342028635,3.6140007420753664,0
0.6936989759267147,0.5627824078131131,4.358476593034463,0
0.004295474939204108,0.007290832931218005,0.023437225325661327,1
0.04938089998885151,0.01952499517663766,0.05261187081058399,1
0.019458620387009736,0.0019298309190936092,0.040662941296426364,1
0.8384519026676834,0.7174933683063189,12.84356205379119,0
0.8831801834316784,0.607455022450157,14.832008192313554,0
0.018554730785344777,0.009763776768130599,0.06239451423975589,1
0.6948873740507056,0.45337794872926174,2.8651730645269686,0
0.005284516912072829,0.0076493915871872755,0.0006809718970412604,1
0.8981193358748927,0.2296182596568271,12.546203656967773,0
0.015287999395895242,0.018758307989265772,0.08394030233367808,1
0.5409445468421408,0.3781388627058211,5.521804336470517,0
0.020353953388057806,0.007276765103513825,0.08914628708661276,1
0.8755784474712185,0.5628198157055971,5.3280388785815065,0
0.4776758767866315,0.38119495281332383,5.591183113280284,0
0.6327540093666111,0.5314134778320185,8.210680904771115,0
0.599839755940462,0.7231466002142579,3.697105666491157,0
0.5729225314089419,0.6781660370061777,10.58765237224155,0
0.8628892960323444,0.32684497455894745,6.045377419652079,0
0.728062418816201,0.40196874534901095,4.854616040141465,0
0.4457003268818654,0.43175084998808794,4.8770258615749835,0
0.6643586885324921,0.29839316086001916,1.375273306475299,0
0.6337831536626175,0.5358063544899204,10.728368192073978,0
0.7230559590195687,0.5724003538857508,14.990103373237126,0
0.010027860026126108,0.012372689384156707,0.020213585468007403,1
0.048230348831849644,0.004573050411029769,0.0885151947414108,1
0.5829556745877159,0.6813756041952233,8.379374123345485,0
0.6094615764175296,0.26064950689471844,5.488482166158625,0
0.7144667346963244,0.48995812580754694,4.338186775003905,0
0.8039598857743505,0.4468207767860286,1.5727079784796252,0
0.5119139255338381,0.5297928719530643,13.856715046769844,0
0.4754220657261462,0.7036794066880252,13.325334355218619,0
0.04520006331663292,0.011592410636546195,0.07144786583622308,1
0.7824155032867035,0.6655294151896678,4.73906537563776,0
0.8942987606914069,0.25829836621491836,8.945424478465057,0
0.4463835262891978,0.3641797590128143,6.981053473014159,0
0.4042856737153362,0.6042990296262154,12.499815610784795,0
0.6809925662019614,0.7415482856038147,2.1865370249723703,0
0.8783045406737557,0.7757887592053518,12.180030075545883,0
0.04810642833229907,0.0058986650583810404,0.07328902162440397,1
0.43770478177400307,0.3904202887863937,6.065689391842844,0
0.8566858031192925,0.258963866136377,10.689155252272785,0
0.7800632451798005,0.768521944595806,14.499440541704217,0
0.03153585525430339,0.0009300177647368413,0.004951139622013401,1
0.4882650301584046,0.42703421152072274,8.652609174568518,0
0.03703454670630134,0.01122442775568941,0.00316922553670701,1
0.5406683245316786,0.7734359384488676,10.093919521118382,0
0.023135902574724733,0.011293982490284129,0.0275883414317887,1
0.0007800576654900693,0.01590875124162273,0.04455775321604765,1
0.02810287226711359,0.013930838181369457,0.00059462557071297,1
0.8277941806846104,0.2287274718463237,12.8023551458246,0
0.666340664956631,0.5511989891326612,7.267844004792593,0
0.04885469050886347,0.0004352908017879553,0.08834631731188292,1
0.01783803698612196,0.0033445632265131776,0.09762326421316557,1
0.046740149894752045,0.0006835588389546898,0.08117970067882463,1
0.47140709957535587,0.5539883043577936,5.134912442014544,0
0.47032155827227534,0.29319401124184974,14.484523653395714,0
0.6023810242367901,0.43102821428849036,14.350346237562663,0
0.009056390421420408,0.01394798827244489,0.03894570608237541,1
0.5863742708986148,0.28078218705676566,8.771435990440018,0
0.5357452209636161,0.22957946055534,4.919544387925491,0
0.8607045081658131,0.3947977297785925,7.4145539162383,0
0.021772534374145808,0.018893938236756738,0.05082228311934381,1
0.7240048414167448,0.21704832731784687,12.883092463791696,0
0.004180312874637104,0.005374122769734193,0.08328312921809287,1
0.5385096321681799,0.5312936832389821,7.85798029374418,0
0.4619359565778624,0.7130389686452272,8.645096630797765,0
0.6544130555263978,0.6635828201350844,10.544700808312644,0
0.6225469007012747,0.600286209062101,6.749591063328339,0
0.7685032688662531,0.5142753737540209,4.6628209507084595,0
0.75928580787055,0.7214499024601901,8.688137827793868,0
0.6066328003679395,0.6575449199035976,14.065814241475133,0
0.7296596622080864,0.7266457218744025,7.421400183302534,0
0.5558987575713531,0.7836933547476117,5.176747774127981,0
0.03019716520720262,0.006443649368116183,0.03607956816662773,1
0.8904803824943046,0.7625049157352339,4.804045116956163,0
0.6431579371045009,0.37789406208731036,14.160356556845002,0
0.7130443184087754,0.3752674351602552,1.378854816836745,0
0.5040921535848338,0.23801452022426733,13.903350404728913,0
0.611297521539381,0.47653180237748866,7.805035009448639,0
0.6448396288006115,0.30448866889193665,8.476996315394565,0
0.4384081705991267,0.5824946411310998,11.848185943920228,0
0.6972435525284343,0.29424045901350177,8.906293590270675,0
0.7339637682455722,0.5150881588158392,11.532130371371245,0
0.7191509778722429,0.598822694325766,8.467431313954037,0
0.6472394317206005,0.4316412955653012,12.519760485848161,0
0.8357586757286104,0.7071624195573614,5.584861531515693,0
0.5968542244971016,0.5443118854176012,4.846222412623771,0
0.48975728805557683,0.2705183652297659,5.030212988037802,0
0.7222126562647919,0.4873244431034477,6.960012912846305,0
0.6641590674401254,0.3069434271428748,5.659739888948878,0
0.6572582726416589,0.42579181681856637,6.208754261486835,0
0.03516112761511845,0.012348243640839482,0.0890533727819953,1
0.6305856325648396,0.6054754687621302,2.361825102409989,0
0.6742733104041287,0.6431948778816048,8.834409532386811,0
0.5143180395406728,0.5844924548795484,5.470784635523438,0
0.8280156637531406,0.42732086683030773,6.375738758068631,0
0.029891338385991145,0.001274606996698804,0.00878029020581369,1
0.5398277806612861,0.4769276481790339,5.694738950260737,0
0.5772996078432471,0.5434389509935316,8.609204679386135,0
0.75580928749658,0.5358010354219702,7.474033812464899,0
0.4180154713237979,0.5323586941479547,3.375926289140355,0
0.8841868950952558,0.7111460325661125,7.875325981229565,0
0.03462195065319912,0.010126941586816127,0.0640584546955112,1
0.048298489656051304,0.017001345675485002,0.027045798454244954,1
0.890984023379976,0.4563240311852881,3.6970246930442023,0
0.00531833086039214,0.004705033515633468,0.04723425724907792,1
0.4407915665822191,0.5753839436200063,3.518857999946465,0
0.46847973671369225,0.6666278729171696,2.633397216676374,0
0.8146829190078765,0.2204097825907122,8.369723245005618,0
0.5943292853887349,0.3793111133303125,13.103998705332002,0
0.01887267649105319,0.008867300686146945,0.07435316218149927,1
0.02007844698444642,0.014857928690041669,0.007553687426528655,1
0.7309884800952327,0.3766036028486465,9.838434126392121,0
0.03762021094167862,0.00183275924601658,0.016791904429321446,1
0.6880519101877354,0.5710754376444953,3.834903767793203,0
0.7791759939138679,0.7554584449618544,2.1387965774046327,0
0.6565967534845559,0.35686538018070446,5.785255382674596,0
0.04645106705798397,0.014046638771934827,0.01379833578426869,1
0.5563043928345495,0.3831997005764929,13.073623080871497,0
0.4548710694792628,0.7094834796381948,7.385241400212787,0
0.03604544275838241,0.010433408702901784,0.03142040122198445,1
0.03066891232621462,0.00013035449605947714,0.07133156425906921,1
0.604558215536615,0.6000871539723417,5.933387951124079,0
0.5951236492311236,0.7729227331578117,14.22506431160818,0
0.7793770986073729,0.6944525029735026,10.568092930024065,0
0.4017023665611664,0.3391069945098284,9.593247132302608,0
0.7934760090326427,0.7624316748470394,12.138578099051792,0
0.6524027717144496,0.6542866385799966,4.841305713793755,0
0.47382111522888853,0.4405758363382422,5.908142600425407,0
0.8596210735437003,0.47451800801826743,5.065622284058504,0
0.5176171846903264,0.42359640561965406,7.459135164449501,0
0.00813815303164478,0.0052051632293227,0.06102456186701926,1
0.6964486965454979,0.5137195010838074,14.492006732032927,0
0.5723083117741572,0.49117276888656075,14.815510983768428,0
0.7160114664988836,0.29534332498732674,12.00441931521772,0
0.6384579184016773,0.42305226278978303,9.2729966488192,0
0.8932299055682917,0.3470071405420354,10.289393132720672,0
0.8549880488008589,0.3579726178821082,7.631548843929362,0
0.02407693087120426,0.0009011263160925176,0.02799609479424793,1
0.012885116165519545,0.01831514353186412,0.026768335812246483,1
0.00758510200099653,0.010415687270775447,0.0014324252259814152,1
0.04429111818834648,0.009228151574969104,0.006444026570372286,1
0.04470093389062078,0.018318992001502436,0.06340916295815845,1
0.6386840918762539,0.7790216941768959,11.780975444010457,0
0.01663632007113639,0.01602545580108755,0.05923312191944773,1
0.7128150851722228,0.2777993214006557,7.020400426553466,0
0.8511399775938906,0.3666709436705271,10.949110165719508,0
0.8088980287212447,0.5221970992791054,6.469595545724346,0
0.014002017509798254,0.011963319168810162,0.07564929417612215,1
0.7902708990186311,0.5725774902036468,3.332060451530385,0
0.8669012880892211,0.2395923728441698,3.852651033190076,0
0.03318133830353846,0.001041886936754022,0.05335564023763062,1
0.015083936611946281,0.01880455080924949,0.0687212557433078,1
0.6562192333423632,0.2081239394834617,4.109266637786743,0
0.4304222104266226,0.40737448075859517,8.056113256435301,0
0.032277150026021204,0.0017481498503993675,0.019013663088814726,1
0.04577774561331217,0.004483883479052848,0.03241521407641599,1
0.8709990952623656,0.36588596657206857,14.806885732037385,0
0.011195071853859496,0.00012330630433606603,0.06092231432960002,1
0.42979487427403096,0.6511225029122679,14.354248217917341,0
0.4382333230112935,0.6196200641448626,12.978222076616186,0
0.5458060002608577,0.21883559356371296,9.834544520094358,0
0.6946738878981986,0.27059301552935466,10.663920186680448,0
0.8844076490425732,0.43931140802040325,1.1791987951863878,0
0.002393795514928915,0.002008101694363822,0.006245771196426797,1
0.0421928021736486,0.006228059167479386,0.04806517624563267,1
0.41455860823406915,0.37749946060610406,2.3238785751304007,0
0.8688289114754422,0.3022648152809352,7.874824693293115,0
0.6745081956582462,0.6939345017789839,1.8513357793620298,0
0.005238163430303733,0.0009282413494305142,0.03290844181059212,1
0.8376732441174823,0.20501019275404686,4.842684575141268,0
0.7392478158428635,0.3080427996483815,8.301830908930672,0
0.585507876603033,0.7521653388650218,2.0690628136039098,0
0.8560642207116547,0.486701011614864,11.571551077285449,0
0.034266689210869075,0.014963928176527471,0.025353124146698505,1
0.00364539025611243,0.006519340313595436,0.02824903222099967,1
0.8189675892630333,0.4533023363836942,14.378305961407257,0
0.6886371444569883,0.5423933155778891,8.685934110655701,0
0.5020903434520061,0.4876775163557543,2.1050883920815364,0
0.5052739651800229,0.42396209730213186,1.6092657358120632,0
0.5981174911603351,0.7333008452765328,8.558967675769697,0
0.7911279482592741,0.29122130497046994,12.155543148256113,0
0.030263104660156144,0.00788973447423804,0.07976950294743264,1
0.4748857654698239,0.5996085691963552,12.375314839817245,0
0.5317049143118793,0.39795077050040273,7.599422055097005,0
0.5060533342874136,0.5651123907468008,7.442012775103306,0
0.03410346430732169,0.00023351593014311555,0.08093724756828574,1
0.6221678622007056,0.4693295229639026,2.6324973214968717,0
0.663955531316575,0.410048605607686,9.860864259591855,0
0.0461253379375825,0.012672324982358894,0.034600046267824425,1
0.5091460056960462,0.4855625751555924,12.851980973936493,0
0.04321262061618818,0.0050031279916148575,0.01626365830622727,1
0.48787341567561937,0.7890511500802202,6.282390229682628,0
0.04066962296048543,0.010757368933096017,0.08699482071983158,1
0.7542660748946126,0.7052052323212379,8.058721311591265,0
0.5738679562317435,0.5723423439426423,6.759923628225184,0
0.8927563828877559,0.6132472640579395,11.384769245350451,0
0.6925560786316085,0.6681000522439475,1.376109281362385,0
0.6085750830564184,0.31941491813636164,3.382592090691098,0
0.6476050310896505,0.5310678681607832,8.856998701703404,0
0.013753107273000487,0.016448561571644562,0.035757376489328384,1
0.042887844946584416,0.013024408805606038,0.067089375377209,1
0.005811929496885449,0.008347042696744975,0.02944582261403509,1
0.7715832204418939,0.22764930901033895,4.901427572212031,0
0.02041290860228505,0.0020072239603458786,0.06476085472543835,1
0.8549492918062038,0.3777639696868346,13.237294005355114,0
0.8913555154472141,0.36440181481100387,5.245565031786145,0
0.5425465889539702,0.5505439177113545,9.060378592643337,0
0.8491016465470423,0.46828007958312595,9.755061039864268,0
0.012984279967072599,0.003265210505874017,0.07584776466756493,1
0.7348283099512025,0.6940142631528716,12.579734486511567,0
0.5863466887475534,0.453820043057297,1.661145427142055,0
0.4605640656506279,0.5656730753033532,13.471683775196201,0
0.739971622828953,0.5114539731323136,1.0605612085936205,0
0.40184836537569707,0.7102653572617184,14.77972161488837,0
0.8111259835789733,0.7772645921421619,8.088976621059055,0
0.4418833053662644,0.5879081743212204,3.517195002230246,0
0.40974945709041055,0.562839076684807,9.104200553093609,0
0.018460138458928528,0.0020761867022629564,0.05114785342538891,1
0.011644402890586176,0.018275449048555853,0.060265183822141605,1
0.7478760551516751,0.3740741171498839,2.3266878494065955,0
0.7635111147258151,0.4016412276871367,6.152082986986011,0
0.6315056237603682,0.4978255484478001,8.797645685685366,0
0.4074966552395373,0.6288355105417925,4.773425449211451,0
0.7536944196725128,0.725006304088144,1.560061773362182,0
0.015074327887560846,0.007561702126482066,0.09813703512162696,1
0.7133874716779474,0.3263750732755324,11.34548893531965,0
0.01261067688329372,0.015367364973951764,0.09281153857146872,1
0.5596511801851008,0.7902725883247637,1.218675199311019,0
0.03719945282984346,0.015835603215286737,0.011360830535064382,1
0.0006237636802198243,0.014979310495187841,0.029118030696651975,1
0.8897853804759971,0.3340022552853049,10.42253820374166,0
0.41717861189442224,0.5077539699200219,11.318010029396637,0
0.04369830057809683,0.014272712180129717,0.08884483349538716,1
0.033633877408333165,0.002489122873662548,0.07179698240051553,1
0.8604839565463596,0.57412876183386,7.650723319594329,0
0.0443957740351538,0.012704123123781852,0.04238905008343061,1
0.7106655401108576,0.47716443691280186,8.959838073440375,0
0.6588975278024709,0.40167089654638843,1.8726154334348315,0
0.009601098238015854,0.004349544475484461,0.0314692415062549,1
0.005185571257570465,0.01207911928819026,0.09978131199486137,1
0.04713306944967598,0.017133675379315007,0.07097548816005365,1
0.5026624656703985,0.518921444766443,2.271939810032564,0
0.8472086041957991,0.55827155919641,3.104461094411094,0
0.48532056300269577,0.293086286001611,9.449604031065967,0
0.5892026967627089,0.6859648151949738,7.782735406949995,0
0.4497978127562715,0.7893409070410375,2.484403866614384,0
0.6827207125680679,0.7863133852201398,14.74052890630606,0
0.739477235031224,0.645953757002756,1.09112972581551,0
0.7738242248691992,0.23256895666302269,9.548386579787344,0
0.7741253522611,0.6899145947275489,9.183938249161352,0
0.006590177047532841,0.008897474119126338,0.0005859405744684132,1
0.5114667900404425,0.41260018156081973,5.279420621114832,0
0.8903633439643793,0.7058607971933708,14.782402527201295,0
0.7217690265920251,0.3352961682070469,2.4875892689044585,0
0.7880821160376232,0.6522089996700673,14.788833771880352,0
0.010396964399218068,0.019184236607696806,0.016807953202206394,1
0.03316864998288304,0.009452035939961419,0.08029654787352167,1
0.8900195368881338,0.5124960433607255,11.896877470386105,0
0.6847798689974952,0.5052463250519039,6.783687673606979,0
0.786285144508969,0.27888592392280054,5.5058951849731415,0
0.8961695351428604,0.453544518986014,6.974222510451471,0
0.033522036174420976,0.0007093723556362264,0.01537519819274008,1
0.5812845354176781,0.435449334662731,3.6535546779082426,0
0.7909273690714489,0.2803247496868357,5.315030609883934,0
0.4823700525116265,0.6330674371162279,4.253813433229774,0
0.5419771838016805,0.5541218760961553,1.9021944427085535,0
0.5175475489720414,0.45260197017415804,14.705847752864345,0
0.6503862666641245,0.607596277304568,9.624127327526127,0
0.4140515464282195,0.7709421822031317,5.810206810850822,0
0.037377602752570176,0.004830277929476588,0.04794303427220679,1
0.03239532024829205,0.001468307369235886,0.09411933091155184,1
0.8402466124047254,0.7648470432993093,13.77214721872198,0
0.8069358884042688,0.44322726544964913,14.181506544790832,0
0.832471882598294,0.2692790296400369,5.788698430142087,0
0.7282760915263747,0.3301970248018713,13.647896617291831,0
0.5029326717995075,0.5110993717611501,12.982558213602827,0
0.5041398068895496,0.34194626381018456,10.459262826810331,0
0.7646086112793312,0.4901885905724668,1.2167471721713563,0
0.8803681092122575,0.372321525558047,14.400716023445444,0
0.5528902933709083,0.33263246416429126,6.992735164072529,0
0.025409637610780966,0.014536625333799883,0.056439531302465165,1
0.7071815210756929,0.6862692962268249,2.336498844216764,0
0.7949583212283231,0.7479396021523563,11.969570519283446,0
0.009799359605087866,0.00847196982699428,0.03368611601417073,1
0.45894890077237177,0.7916332987388246,12.68665756643157,0
0.5023509298246112,0.4378738043952349,6.226811755792044,0
0.02367287970349212,0.0017772822056412174,0.08319142705878305,1
0.612209143698834,0.3932068104077262,13.078541067562146,0
0.42423990071018886,0.24222795630851526,8.673468010917913,0
0.02496487594281728,0.009353170875945161,0.06085123977701268,1
0.47381899177540754,0.4917023815698604,12.248290945997429,0
0.830115440012185,0.7383411765956172,13.735360701701682,0
0.045804015581319496,0.01504886628062281,0.002493374444449803,1
0.4538654697711858,0.5428633526637845,12.985852976996185,0
0.03537588195192933,0.0057500227111278845,0.0531100934407784,1
0.5476424127520294,0.7777790823739263,10.04389007515448,0
0.04363396845986719,0.006633859926337966,0.07086971757299561,1
0.017024347279981318,0.0012484642177475668,0.09854385174569398,1
0.5201869566539693,0.2664621595686083,7.966754664149427,0
0.8837557216168856,0.7065515940007643,6.206989133375695,0
0.8586817804151756,0.6821291957265703,13.461657307746721,0
0.4722910966914743,0.5271157465468383,5.3896687889227,0
0.01795818404034919,0.0006904965202432756,0.02465745467268722,1
0.029634341555871403,0.007567260042630004,0.020041391343298045,1
0.582225939187573,0.6206855339151482,1.8552754471908337,0
0.017064495173864252,0.0006218668025626317,0.020876988491945414,1
0.014985733596613038,0.004150503525284755,0.0641795809996671,1
0.602567016569562,0.7472672519951957,3.3971510540280305,0
0.4708602603927784,0.6214338751245316,9.233199880815983,0
0.5514682459362288,0.736279341251509,5.857560576834059,0
0.8187913424988846,0.48281670572418567,13.839445141029174,0
0.6762869901159287,0.5391949771984099,8.662539345300592,0
0.8433781354216945,0.6544080205318439,11.73750685592372,0
0.654513351359395,0.4924043163763235,3.5179291826903825,0
0.038373596908183615,0.017050860381348856,0.019196837931347757,1
0.0386807675788092,0.006667321347400177,0.07841198909605746,1
0.03366091661054577,0.012336648363673106,0.0848984686285659,1
0.017264907374383055,0.012092144051990033,0.02992817921770089,1
0.015023946831402603,0.009541989805663585,0.08263027495253451,1
0.5610720635921858,0.6553772302062326,11.763483932392745,0
0.819949680022123,0.37834011204663065,3.798766403089078,0
0.5632843328762113,0.4341904186082566,10.23545570145652,0
0.8704708804087989,0.6419559711133045,10.002961634418115,0
0.7924166075857573,0.729712768908598,4.963575575019266,0
0.713710187888269,0.3134601264301642,11.34057140275999,0
0.615854381508645,0.37551603449659354,9.769465150393982,0
0.022827039572122784,0.010641692205182516,0.049797333358493456,1
0.014533074333148167,0.015823311276580584,0.05812049621360811,1
0.6640424922721797,0.46823944982362314,2.9341801536806136,0
0.5305053931259824,0.21596416304914753,10.90675667342521,0
0.627231325217974,0.4127984280207833,3.0899458150451764,0
0.7306569173084005,0.2904911217516595,3.705601086468909,0
0.5848383359566246,0.3515688052788025,11.698496294199895,0
0.4479451682063385,0.2582627224826183,12.151913955428718,0
0.03412361595385181,0.013007500605719305,0.04497909865957688,1
0.038239908455928284,0.014105776930280478,0.03695511491125088,1
0.016200437480558223,0.009173507583948139,0.03975379802460397,1
0.8974219821851728,0.6573066661537101,14.874137507509378,0
0.03171358835579304,0.004392639279631978,0.03546656901128852,1
0.7740401034698254,0.7458928386269401,1.482967449311359,0
0.01764771581554604,0.009394202354692238,0.028410623537934488,1
0.8401548457920263,0.3895221202423082,8.617243803858907,0
0.029329207946230392,0.015567078298993118,0.06208815738008372,1
0.4317134505448021,0.7684545215609853,12.046589068698673,0
0.0025210477924462074,0.017263301843628544,0.04440189347461664,1
0.4448338522828296,0.3881459779826538,5.960709632637666,0
0.7733222896195759,0.5613847053220509,9.67748117965843,0
0.6626711604689023,0.5371467382415147,13.42082564467768,0
0.041600056572617894,0.0018128486122713893,0.06698696500847277,1
0.6682573694220177,0.3839131380075811,1.6079565035863015,0
0.503043092995708,0.6125591860231007,7.952704108216994,0
0.747549074176955,0.2077589119932835,14.735341247310657,0
0.41606808299167897,0.7953994762569492,6.990016421963221,0
0.8411353763012547,0.5355017679506668,6.171250408475936,0
0.8303688824458371,0.6460016983469208,13.400736352193434,0
0.8959981234734427,0.4879922876816294,12.679146264417664,0
0.030612366421870603,0.013826439940306951,0.06847968639686788,1
0.7280826134990797,0.30029410874692897,11.798753869477833,0
0.8032518286868419,0.47226153567278023,14.770761949964047,0
0.8638172623047253,0.6894988686019135,10.171794533992193,0
0.005472003087934008,0.012087327287253636,0.08015538786309127,1
0.893900710823647,0.30844581182536324,3.931819730095399,0
0.028079750592252567,0.005753341320034624,0.09402230429375248,1
0.6563131271859097,0.30196673073438995,3.7071927017730797,0
0.7421832057081605,0.30767105362950314,5.455744550998663,0
0.8375068788613824,0.28938882085825773,10.289358798702475,0
0.012656218067077979,0.0009240870659373246,0.038090044691306495,1
0.49753607344948064,0.7603942811271103,2.8325465935827503,0
0.4754228912630019,0.4837985125933759,14.618638684478345,0
0.7565579562604473,0.4173605743995729,10.338627605713302,0
0.011073846102830976,0.007366559008851787,0.025564804120989194,1
0.49433006183165484,0.4546548095766173,14.47859337166023,0
0.02094958028270834,0.018200522917465333,0.03363109307368445,1
0.7603553359770504,0.39604803795866306,7.320394577776815,0
0.42259857410504326,0.47403509659759,7.732997598247512,0
0.8731054496736413,0.41899828392315547,10.67843328854515,0
0.8770789041377468,0.6078127252462002,8.32745582012192,0
0.5659182187159417,0.2679147949729894,4.931460848781751,0
0.7980193711423795,0.36221695290834877,4.506650681836236,0
0.6712555705856966,0.608658165526739,3.0592312077093515,0
0.42721959629441514,0.4189806194561493,6.524907728743562,0
0.04156808380448892,0.01646432594566528,0.014274855990658586,1
0.6330468996892075,0.5300718702678775,4.43356320176593,0
0.007987917500850839,0.004489620947983191,0.00034782715276077125,1
0.42787927885862653,0.23329268519362262,12.944579595029303,0
0.04128668616738603,0.003428206648788512,0.026484605384201478,1
0.7522453289692272,0.37025255536994295,2.27212798072382,0
0.5738348563787063,0.4442356155683602,5.882876783941382,0
0.4681475201669161,0.44744465322659066,12.581832567013098,0
0.4561428124305241,0.2523876477324162,10.800643871931083,0
0.006667896823864089,0.011556478285632112,0.05710577063014351,1
0.027385013052603824,0.0032248100077732936,0.03803285724701347,1
0.8930207670879302,0.780380783446442,6.625152179889181,0
0.037299470696909774,0.008727939004730094,0.011013536082641285,1
0.7557278613204723,0.7881774291836245,2.9137602579242445,0
0.04620790302824359,0.014794024177997472,0.009927632434555812,1
0.8943991106975082,0.5407038118450642,1.7268595112837102,0
0.7432498444148975,0.7346822640467914,14.713977981674976,0
0.7424021583073432,0.5469916806320697,9.394219023765586,0
0.5352342282457547,0.6275663257313633,8.952494044271198,0
0.5132469957685178,0.6794115542486328,5.396767141283174,0
0.745364365054092,0.5924167868124717,13.221193777531662,0
0.8713393485458092,0.7809307751720675,11.30030708284394,0
0.03592822330398981,0.0013729273042609091,0.08605032994540827,1
0.012465146121875305,0.01291647086562616,0.038024937436771725,1
0.012116044215667116,0.017408234020347454,0.036761389164341476,1
0.6225906875790772,0.25542746848934933,4.786036084875674,0
0.5675774818426436,0.36977013462345454,14.57313764053616,0
0.7782292491413894,0.2115417150843062,5.353905833333066,0
0.8526492302823643,0.7670421353757333,8.943832925083829,0
0.5228778439284876,0.33612050663238924,12.513324833245482,0
0.6326686903681564,0.5465533739574526,1.7881685884916356,0
0.783906125239108,0.40343610564424304,13.70594900569624,0
0.5073279918110867,0.37561732003753456,9.885726410248651,0
0.643189466539284,0.37431140543257735,13.160578683424053,0
0.6139788722242545,0.3241195314279812,9.451826263523785,0
0.46767658453233146,0.7524747297230212,11.873282294158797,0
0.6143226902352477,0.32672778652665835,14.352082884434328,0
0.7218640499950488,0.2455423890459396,14.909998042659481,0
0.030588240852240767,0.014778440719768962,0.06163673058820815,1
0.448950986009877,0.26249144372493616,7.139966206643761,0
0.6886603613014615,0.4611075353744063,1.9007873700471571,0
0.49905065743893606,0.5453120097662504,14.913817263512989,0
0.4849903048620305,0.4793421057955399,10.98723349070368,0
0.45160801965887215,0.4527077818506761,14.900774644417378,0
0.40191854266211485,0.7772298598109251,7.995778105035008,0
0.5802999157864568,0.44092651450241593,3.1320512754669996,0
0.6350518801568164,0.4323742204781885,4.884400024493226,0
0.8662344764423823,0.343815179183078,5.914950692127869,0
0.6812859462261899,0.6229116643839441,4.080282463470787,0
0.034493936385628324,0.00590647485010891,0.029573304192928074,1
0.650080985370928,0.7679032906458407,9.674486076199525,0
0.7120633242555059,0.2794505293112426,13.68190051281503,0
0.5500375398903782,0.3456314055077764,6.269367531765945,0
0.7969073232877807,0.4537155383827633,12.882265344141592,0
0.4774070196920349,0.48441797355635313,8.081377923261135,0
0.49240201394613387,0.6777808488884508,11.170560048469063,0
0.0005607083267535452,0.0038992710443048017,0.005566457936358904,1
0.8232711521545915,0.27165535534683616,10.565649053885513,0
0.7938833754885164,0.20431726641984077,14.46963348712273,0
0.8486592394210413,0.645602326345863,2.9753460451765408,0
0.5026967375303915,0.42516428025675523,9.136720778219694,0
0.41962001457019943,0.4030362964400046,8.642070652035281,0
0.59868487993859,0.3914281974747581,14.977077477650614,0
0.61044821406361,0.5532230531714543,4.468693715739024,0
0.6530572991660719,0.41055842738160486,14.272710411354211,0
0.7637687412663563,0.659949811173443,4.507739714372926,0
0.5504856292618021,0.7929627854861054,4.491995273934184,0
0.5426662056196095,0.6451110979755748,12.693205399847697,0
0.5117366987952416,0.3032476077709771,5.868822662634696,0
0.0412900580567413,0.005856814819324199,0.08283612487189701,1
0.40898498509849424,0.283544056316246,14.05755511256858,0
0.8894598246974743,0.6015625482133558,12.48653532799726,0
0.8434823458978936,0.6958232674616667,6.296330215980648,0
0.04160730793746919,0.018485414681991393,0.03585761845300287,1
0.0005895180355814989,0.005660107974713515,0.032179903742586384,1
0.010062238907493326,0.006336167897135398,0.06722932335923558,1
0.5652011910421293,0.3237133249187236,13.864639672544175,0
0.022253223074896685,0.012938715412661977,0.09048031661102318,1
0.014859638847002915,0.008275096204920594,0.06349161606273403,1
0.773429852200441,0.5383562426495923,1.4676423403270056,0
0.5463488838873654,0.7466207037269827,2.1821475232751935,0
0.040857551742814184,0.013990773977929255,0.031091653554001886,1
0.7311222747745998,0.5690018105782538,2.863265640793505,0
0.4975329871833924,0.25541798044595526,8.87497832472009,0
0.518529503338063,0.644024440006487,8.598380914074365,0
0.401247255481973,0.22115880782486394,10.9555689544815,0
0.5343699129725337,0.22798080292719766,11.680021852964373,0
